,2014,2015,2016,2017,2018,2019,2020,2021,2022,2023,2024,2025,2026
ret_1,213.23912143707275,192.66316986083984,156.1220088005066,197.81287908554077,168.74189043045044,181.89351081848145,150.63840007781982,252.38821077346802,327.12101459503174,289.9469413757324,358.3028326034546,208.91710948944092,209.44542980194092
ret_2,609.1238131523132,507.1598701477051,444.06682109832764,327.51559019088745,633.2326436042786,560.4245367050171,473.1112003326416,524.0801677703857,572.588830947876,672.4458065032959,849.8837695121765,457.61418294906616,605.6404390335083
ret_4,709.3575415611267,571.7696795463562,715.9171504974365,633.8469309806824,714.5823659896851,643.085611820221,610.8814883232117,601.3705878257751,694.988890171051,574.0216684341431,597.0712008476257,710.7467541694641,763.084762096405
ret_8,1527.5314574241638,1529.733784198761,1461.095537185669,1484.096261024475,1032.6537675857544,1108.7987780570984,1317.7630171775818,1414.4464116096497,1124.2267127037048,1176.0240569114685,1072.6796107292175,731.1780681610107,836.073609828949
ret_16,512.8794326782227,631.2773857116699,625.0683493614197,700.8284668922424,704.4341564178467,952.2635807991028,855.7972707748413,767.3497972488403,509.4697437286377,880.1829948425293,890.3162794113159,992.364996433258,775.4275374412537
ret_32,1957.3260850906372,2062.435164451599,1842.722948551178,2238.797357559204,2054.1123747825623,1799.4200654029846,1887.6586627960205,2498.5617814064026,2412.4677419662476,2326.3757605552673,2223.0372924804688,2602.6736826896667,2619.947048664093
ret_96,3603.705420732498,3215.7534399032593,3681.630711078644,4188.9987688064575,4191.119281291962,4766.943727970123,4787.915214061737,4910.985060214996,4951.725677490234,4974.962915420532,4869.951545238495,5468.493673801422,5180.284413814545
ret_192,5573.119378089905,6028.4548926353455,6841.123699188232,6569.347043991089,7675.482128143311,7076.129288673401,7569.104011058807,7193.7657861709595,8570.332964897156,7771.963747024536,8532.237649917603,8870.48317527771,9082.71092414856
ret_480,5750.589364528656,6928.093156337738,7563.146269321442,9202.702168941498,9069.769330501556,9420.952481746674,9443.226490974426,10085.851875782013,11454.981903553009,10462.174144744873,10368.26675415039,10319.28828382492,10794.768343448639
ret_z_16,231.6607985496521,437.67075872421265,313.4605793952942,408.1940846443176,330.38022899627686,388.9784507751465,415.93109130859375,410.8867220878601,250.95337009429932,284.3681011199951,262.929790019989,266.53954696655273,319.6529598236084
ret_z_96,448.87569856643677,456.5189723968506,563.580822467804,625.9998741149902,744.0716190338135,675.4379692077637,625.9385604858398,592.2633299827576,649.4089670181274,457.8109302520752,352.7981390953064,389.9428310394287,409.6955499649048
ret_z_480,255.3478865623474,259.327862739563,328.7795090675354,300.6667070388794,221.91782760620117,222.53273153305054,268.7446618080139,355.2451686859131,268.9181594848633,336.0234808921814,235.70034170150757,297.3053388595581,288.2187509536743
ret_skew_32,6190.694651126862,7310.967938899994,7204.864089488983,8028.378179550171,7520.465522289276,8082.684937000275,9016.47045993805,8666.015119075775,8468.391638278961,8361.89354133606,7538.83651638031,8537.87985420227,8929.776604652405
ret_skew_96,7512.975533008575,7895.789853096008,8444.174421787262,9181.571400165558,9153.974540233612,9538.109772205353,9189.70798921585,9004.81463766098,10032.66768503189,10159.539318561554,9678.017753601074,10023.532250404358,9905.277699947357
ret_kurt_96,7053.64235162735,7832.109238147736,9190.385195732117,10031.48137998581,9937.323846817017,9982.672879219055,11014.822716236115,11192.751070976257,11526.30084514618,11807.27288722992,11805.30276298523,13097.48670387268,11751.718791484833
ret_autocorr1_96,6955.337024688721,7415.400648117065,8561.650625228882,7952.322860240936,9112.70200920105,8519.542352199554,9341.25331068039,9257.384887695312,8758.067412376404,9271.085716247559,9577.312653064728,10669.192654132843,9920.735222816467
var_ratio_4_96,5856.169272899628,6394.5272789001465,6923.351146221161,6784.83971786499,7700.076642990112,8967.988960266113,8583.060964107513,8572.621072769165,8112.198968887329,8804.525524616241,9363.325867652893,9405.783115386963,9676.14348745346
body_atr,292.74978041648865,363.51215982437134,391.41363859176636,374.19758796691895,309.8660001754761,165.16245889663696,177.1631407737732,182.61875104904175,242.6832709312439,174.69751834869385,329.0383372306824,193.9054822921753,204.09150218963623
range_atr,725.712920665741,670.443600654602,683.492175579071,695.3094449043274,681.3258881568909,809.3438425064087,630.4831562042236,1020.9233932495117,1031.958284854889,1270.3855519294739,930.5132870674133,1045.9901976585388,975.9792718887329
upwick_frac,378.05748081207275,289.7534599304199,328.366352558136,233.66543865203857,184.3808398246765,281.9739212989807,320.48212146759033,381.82804584503174,380.40459060668945,468.01826906204224,247.46220016479492,366.86520051956177,453.11350297927856
dnwick_frac,476.27300906181335,400.77303981781006,332.72224044799805,436.2223320007324,404.9614396095276,378.4702501296997,469.03690099716187,429.8732285499573,319.87728786468506,350.48427152633667,412.1203804016113,335.23807287216187,393.6093029975891
close_pos,263.7931909561157,289.78319025039673,232.72537899017334,267.1045870780945,296.88362979888916,249.672119140625,358.8087019920349,389.29735708236694,387.1498804092407,373.91038703918457,364.5489492416382,526.2797727584839,536.8981404304504
body_frac,252.85512113571167,259.94587993621826,384.36754751205444,260.49221754074097,292.8529896736145,283.86722135543823,302.44224071502686,286.7179207801819,255.5304889678955,270.34810066223145,161.33157062530518,226.08144998550415,270.9632396697998
gap_atr,583.1456017494202,578.7381753921509,648.9631390571594,562.8153805732727,453.5125484466553,561.4478902816772,526.3889384269714,490.9600682258606,487.5501775741577,609.4457406997681,621.4541277885437,499.5950598716736,547.0994701385498
up_frac_3,50.211111068725586,19.90263032913208,25.58216953277588,117.54924869537354,66.52122068405151,91.47561073303223,98.59840106964111,101.18367958068848,89.4251594543457,135.47627067565918,183.38145065307617,83.9941782951355,84.63580989837646
up_frac_8,256.3941264152527,183.24627017974854,287.6579804420471,357.66016578674316,548.210334777832,621.8674640655518,613.5341558456421,579.9883179664612,468.23870515823364,677.7564811706543,443.84511518478394,454.4751501083374,348.752028465271
up_frac_20,1108.9851984977722,1269.7334599494934,1034.275032043457,1407.9833326339722,1447.7532997131348,1468.417206287384,1085.8560004234314,930.0264778137207,1099.904158115387,967.9005174636841,916.78892993927,944.4301128387451,892.500650882721
close_streak,44.88434934616089,141.34925985336304,138.2477307319641,126.38341045379639,208.08159017562866,155.96668100357056,89.10032033920288,154.46921157836914,172.84625959396362,149.21477127075195,146.21043014526367,173.46375036239624,73.87571954727173
engulf,4.009679794311523,0.0,0.0,0.0,0.0,0.0,0.0,0.0,0.0,0.0,10.444999694824219,0.0,0.0
inside_bar,0.0,0.0,0.0,0.0,9.828069686889648,0.0,0.0,0.0,0.0,7.9622697830200195,0.0,0.0,0.0
outside_bar,0.0,0.0,0.0,0.0,0.0,0.0,0.0,0.0,0.0,0.0,0.0,9.176250457763672,0.0
ema8_dist,675.9207365512848,670.2085137367249,681.8344798088074,734.1776666641235,1002.7656450271606,687.4874591827393,798.6952509880066,1027.7950439453125,866.1297154426575,1012.7219929695129,907.9686088562012,887.924822807312,1254.1327772140503
ema8_slope,1141.297016620636,1242.1099286079407,1205.0347533226013,1386.310863494873,1742.4551100730896,1675.4297513961792,1382.2800841331482,1610.0842852592468,1391.1677432060242,1581.3606209754944,1351.4070596694946,1384.226490020752,1311.0211567878723
ema20_dist,610.2552790641785,979.709554195404,945.4358019828796,864.6702432632446,662.4787645339966,807.1845445632935,997.0900964736938,1185.9545440673828,1077.8435821533203,1264.4644441604614,1485.041244983673,944.7736468315125,951.3403992652893
ema20_slope,768.3785600662231,836.8815612792969,901.0129895210266,665.0255913734436,937.1939811706543,804.1996660232544,801.5835585594177,784.3882298469543,1315.0387082099915,1151.7564296722412,778.3552021980286,1213.3928298950195,1318.049500465393
ema50_dist,961.6904516220093,1060.378430366516,1284.2399787902832,1294.9211521148682,1414.7982187271118,997.7222180366516,897.2359175682068,1203.0042610168457,941.0096206665039,1147.706226348877,1383.8562836647034,1239.608136177063,1195.137635231018
ema50_slope,1691.9645819664001,1206.715169429779,1248.9143352508545,1015.3305187225342,1695.401035308838,1347.407919883728,1276.032503604889,1118.4802541732788,1696.2854652404785,1585.3156962394714,1737.1649227142334,1397.025203704834,1389.885256767273
ema100_dist,1693.274257659912,1651.243022441864,1781.1609086990356,1367.4740648269653,1863.6257438659668,1656.2188711166382,1907.2051334381104,2226.186986923218,2304.5553107261658,2022.561050415039,2643.0549755096436,1923.6383037567139,2347.377607822418
ema100_slope,1810.9396319389343,1622.2700939178467,1891.8537521362305,1756.043037891388,2233.374750137329,2245.3178911209106,1964.1252946853638,1727.7822728157043,2151.3452348709106,2354.792109489441,2443.7225484848022,1962.840168952942,2443.32231426239
ema200_dist,2435.0435009002686,3051.571964740753,2934.3722887039185,2918.1638503074646,3151.961290359497,3090.6468648910522,3359.21405172348,3952.72278881073,3432.3102440834045,4492.416080951691,4566.640323162079,4423.729874134064,3969.818209171295
ema200_slope,2444.428771018982,2726.9020652770996,2725.20667552948,2834.6915378570557,2652.4579014778137,3118.2793464660645,2960.122576713562,3771.222599029541,3900.2178506851196,3856.9131383895874,3826.7911219596863,4192.058064460754,3914.9264640808105
sma20_dist,784.1444940567017,991.1741099357605,988.685248374939,867.5959625244141,1220.725414276123,939.0950603485107,1158.5128560066223,885.2540354728699,1194.1087102890015,1073.6459069252014,986.884192943573,1145.7200231552124,1048.9613018035889
ema_ribbon,450.50722885131836,506.0179362297058,498.47852087020874,559.9838514328003,601.6395206451416,496.1405372619629,492.4496212005615,297.1238112449646,362.31409740448,438.2788038253784,645.3779344558716,561.9649000167847,593.620210647583
adx14,2750.3409819602966,3148.0866599082947,3217.833725452423,3205.52036857605,3139.914141178131,3993.9358520507812,3654.4652438163757,3359.5383563041687,3498.8953924179077,3729.050920009613,3621.265076637268,3577.481535434723,4605.907248497009
di_diff,1653.1516456604004,2241.1639709472656,2074.5674324035645,2339.9409399032593,2796.666780948639,1860.096112728119,2078.8678698539734,2130.4127702713013,2088.83967256546,2371.4119505882263,2134.6038632392883,1922.4435477256775,2006.1592321395874
aroon_up,1044.9102110862732,1023.6294016838074,1253.7253119945526,1430.5110507011414,1477.4538779258728,1323.4744472503662,1464.6795597076416,1805.015106678009,1775.3312430381775,1748.848247051239,1687.0914435386658,1387.690537929535,1464.6575932502747
aroon_dn,950.0927767753601,890.094886302948,858.2435140609741,1193.776888847351,1195.823452949524,1391.371753692627,1258.1898183822632,1401.0218238830566,850.8542232513428,1164.905963420868,1245.1265783309937,1266.411527633667,1136.3133029937744
lr_slope_20,1162.4660048484802,1405.1603150367737,1254.4575595855713,1441.1794619560242,1437.530191898346,1855.769263267517,1817.6152367591858,1653.4744930267334,1982.0309076309204,1676.176920890808,2108.2874507904053,2077.4235076904297,1883.8992276191711
lr_r2_20,1662.1298542022705,1832.364529132843,1534.5453672409058,2059.4573645591736,1778.866536140442,1738.3014969825745,1889.7019066810608,1689.5821194648743,2025.9546942710876,1886.4981875419617,1549.675943851471,1997.6895184516907,1946.249357700348
lr_slope_96,5129.04416847229,5285.526286840439,5787.849807262421,6175.310435295105,6042.137179374695,6479.237341880798,6492.147440910339,6063.940360546112,7863.388635635376,6948.836843490601,7329.978483200073,7627.361190795898,8332.529162406921
lr_r2_96,4109.641974925995,4102.962315559387,4671.000602245331,4768.929228782654,5044.456163883209,5240.645443439484,4966.490074157715,5269.07218503952,5379.168388366699,5745.431501865387,5577.241005897522,6181.1194887161255,6327.604555130005
rsi7,693.9307131767273,918.8182764053345,656.8514647483826,964.7914171218872,1079.209059715271,1050.5378317832947,1174.3390731811523,1662.6709094047546,1618.1337957382202,1709.76544713974,1658.0468473434448,1630.8102655410767,1471.606291294098
rsi14,769.293673992157,701.928111076355,646.1473207473755,645.3234281539917,620.0010032653809,801.0186948776245,719.3543043136597,561.3624787330627,949.1737422943115,690.9823207855225,881.9890375137329,816.3533039093018,957.3022508621216
rsi28,1053.8206315040588,1294.785563468933,1357.2543549537659,1132.393991470337,1473.3566422462463,1313.7339329719543,1343.0802993774414,1235.0064148902893,1120.8129243850708,1472.6251225471497,1822.0201358795166,1242.511516571045,1592.366205215454
macd_n,2009.3563041687012,2327.0180706977844,2569.129720211029,2297.9775581359863,2507.2149238586426,3037.464027404785,2818.2494406700134,2538.3206992149353,3108.1383781433105,2829.7598600387573,2840.3400049209595,2520.5628895759583,2452.37859249115
macd_hist_n,1487.941159248352,1722.2004985809326,2017.6938762664795,1973.794970035553,1675.801694393158,2397.54679107666,2061.630640029907,1750.0709147453308,1546.5189199447632,1966.5791158676147,2082.09836101532,2398.7313299179077,2086.9139561653137
macd_hist_slope,1303.3877954483032,1155.8119931221008,1341.4352583885193,1422.4506883621216,1543.5063152313232,1499.6350932121277,1283.363959312439,1292.8607110977173,1323.3568377494812,1363.5293440818787,1250.4450850486755,1494.1040816307068,1568.122347831726
stoch_k,1072.1468591690063,1405.5038313865662,816.6297025680542,975.376079082489,836.0873641967773,903.0667819976807,1291.8619847297668,907.2801818847656,1019.9227981567383,1189.0957446098328,1188.6364116668701,953.8554229736328,1119.558494567871
stoch_d,994.1904425621033,967.973358631134,1067.5809683799744,1044.4716219902039,1305.9473004341125,1065.6568050384521,884.1221671104431,1265.9762229919434,1225.2331266403198,1510.4592394828796,1490.8710765838623,1208.3511371612549,1276.573371887207
willr14,299.0544710159302,419.4805793762207,933.8383436203003,593.0096020698547,649.3816566467285,629.9023118019104,609.7586827278137,813.0137586593628,1021.7858366966248,983.0161256790161,832.0394282341003,865.1589803695679,783.7702074050903
cci20,657.039626121521,834.7390098571777,1082.8967657089233,795.1950497627258,652.3094124794006,1032.666491508484,1141.080816268921,985.9820241928101,1074.2114524841309,978.3780460357666,718.3652606010437,1017.6930222511292,863.4347295761108
div_rsi,124.4012622833252,55.5455002784729,63.41891098022461,43.473609924316406,24.890390396118164,112.7135796546936,75.42993068695068,122.8741979598999,137.1161994934082,158.03269958496094,137.77240180969238,222.95163345336914,187.81459999084473
rsi14_z96,2523.8910779953003,2583.1745944023132,2557.2644186019897,2942.879623413086,3210.5516595840454,3118.7300324440002,2815.027573108673,3257.6198740005493,3384.095130443573,3294.428389072418,3886.594877719879,3969.158567428589,4105.330898284912
atr14_p,2534.239218711853,2891.2846932411194,3081.366985797882,2819.726489543915,3096.3772044181824,3401.0069217681885,3315.6664609909058,3564.990693092346,4178.988345623016,3557.056001186371,3534.5907287597656,4040.4492807388306,4395.239091873169
atr96_p,6160.443343400955,6832.925132274628,7192.033205509186,8095.401163101196,10059.9918551445,10122.385254383087,10306.26779794693,12120.610510349274,11636.300868034363,11698.654338359833,11870.60909128189,11667.625590324402,11726.05084323883
atr_ratio,2291.443913936615,2305.967439174652,2555.6240668296814,2996.5151104927063,3304.6426405906677,3294.1461029052734,3228.057834625244,3872.298460483551,3503.169681072235,3628.6620664596558,3952.9164962768555,3686.521759033203,3167.9252552986145
atr14_rank_1y,3590.765513896942,3400.1070713996887,3370.7541975975037,3257.190387248993,3552.5867743492126,3479.4895215034485,3934.966033935547,3913.0832448005676,3690.881757736206,3857.1203923225403,4668.903460979462,4211.844210147858,4054.4010667800903
bb_pos,673.0817251205444,873.3977224826813,651.4778618812561,620.1611723899841,827.4603915214539,790.435791015625,650.4489154815674,564.379298210144,714.7524094581604,691.4753708839417,693.0060043334961,844.4155082702637,742.5201568603516
bb_width,2717.146962404251,2084.2904748916626,2822.023274898529,3163.5255284309387,3260.8571887016296,2795.9228115081787,3515.266607284546,3169.2694034576416,2907.345320701599,3340.642518043518,3226.01944065094,3866.935565471649,3691.547179222107
kc_pos,537.4797868728638,495.60050773620605,299.0944013595581,388.87096548080444,277.6540870666504,293.24123430252075,251.03471899032593,111.62127113342285,185.8309907913208,161.9432191848755,331.3465003967285,178.94870281219482,227.23956298828125
squeeze,197.08973026275635,178.73435640335083,193.07974815368652,346.9190893173218,225.7246608734131,227.0764603614807,188.4881296157837,236.64298152923584,225.3560914993286,141.16019916534424,80.01770114898682,137.32569885253906,165.8445119857788
donch_pos_20,1229.0720918178558,1664.0736718177795,1337.535979270935,1985.4345045089722,1793.1733226776123,2383.3016214370728,2036.201732635498,1869.0448956489563,1822.4595398902893,2006.8686275482178,1281.1426730155945,2136.8257179260254,1823.5262656211853
donch_width_20,2618.346335887909,2662.769085407257,2978.5350518226624,2843.0064668655396,3173.5493154525757,2962.1463570594788,3286.595091819763,3035.1818103790283,3329.0600152015686,3269.252691745758,3149.36234998703,3108.837507247925,2828.214285850525
donch_pos_96,3009.72514295578,2913.951361656189,3493.313385486603,3745.30215549469,3776.7466440200806,3631.6560773849487,3072.030097961426,3455.6056427955627,3234.9557976722717,3612.0650210380554,3713.480442047119,2941.5258054733276,3885.5161638259888
donch_width_96,3457.9334568977356,4377.302774906158,4975.874721050262,4775.864284515381,5404.010396003723,5860.8395981788635,6238.161490917206,5774.78878736496,6099.714173316956,5626.596671581268,5802.172292232513,6290.990059375763,6527.043406486511
rv_1,652.7784233093262,877.5377168655396,832.4548010826111,847.65891456604,947.8344416618347,943.8053979873657,1090.82284450531,896.2517757415771,1030.9221539497375,1142.742904663086,1090.570890903473,1076.9467878341675,1002.9642443656921
rv_8,2648.153267145157,2621.1707620620728,2719.7042531967163,3162.8637433052063,3261.5029373168945,3286.0157837867737,3610.8719091415405,3483.5994839668274,4092.163088798523,3602.364983558655,3535.335657119751,3159.1652812957764,3283.706789493561
rv_z_96,2880.0631308555603,3163.1470856666565,2722.935163974762,3415.771683692932,3447.766363143921,3557.434994697571,3963.533396244049,4090.272029876709,3370.825170993805,4520.350421905518,4469.756534576416,4520.7153697013855,3949.0155596733093
rv_rank_1y,8132.145356655121,7877.490821838379,8869.008156776428,9651.598824501038,9881.574966430664,12035.583937168121,12292.929351329803,13684.067986488342,12325.245098114014,13127.40827703476,13084.919490337372,12401.414083480835,12927.60091304779
vol_expansion,1352.8025922775269,1625.4933886528015,1325.9277024269104,1752.2781147956848,1693.650773525238,1445.4192781448364,1430.4832792282104,1935.120506286621,2050.660355091095,1901.7493529319763,1711.8588523864746,1706.0615482330322,1950.6321210861206
vol_of_vol,7573.815006732941,8774.46797800064,9097.767939090729,10307.130783557892,9840.819213867188,10898.67420387268,11682.293210983276,12184.07024717331,11928.388342380524,11849.019283294678,13100.593613624573,13486.612609386444,15171.055478572845
park_20,3159.7867646217346,3470.6303515434265,3691.9121136665344,3745.32719039917,4206.669411659241,4746.630734920502,4315.672999858856,4068.2697052955627,4677.252495765686,4682.567232131958,5333.012743473053,5636.052627563477,5165.175831317902
compression_20,4170.724991559982,3962.7347638607025,4044.795594215393,4054.5879135131836,4717.86882686615,3902.0317273139954,4649.149826526642,4499.579114437103,4976.940605163574,4458.594021320343,4658.335314273834,4726.707142829895,4559.508238792419
n_m1,126.18217301368713,202.80427932739258,131.23432874679565,143.52997016906738,321.401291847229,405.22391986846924,370.3084011077881,482.04944229125977,475.68480110168457,433.1064348220825,597.5254793167114,579.8427982330322,518.8771982192993
absret_z,825.8974871635437,559.1658720970154,758.3690061569214,611.008481502533,597.07421875,800.2242450714111,585.8787002563477,789.746603012085,780.9898781776428,813.184564113617,784.8916239738464,942.372332572937,928.6415801048279
m1_imb,276.4426894187927,166.072030544281,156.4306993484497,176.4449806213379,230.0753002166748,210.74869060516357,215.4431700706482,80.70180892944336,121.15060997009277,116.23371076583862,124.01049995422363,87.33431053161621,79.0798807144165
m1_imb_8,2298.682855606079,2118.1338782310486,2404.169086933136,1912.1756734848022,2133.0145874023438,1914.5489478111267,1961.6734738349915,2180.4580941200256,1618.1903195381165,1715.8642601966858,2049.754138946533,1517.1212453842163,1488.5404357910156
m1_imb_32,3954.3231258392334,4101.366274833679,4258.127640724182,4366.170474529266,4773.079222202301,4724.923765659332,4640.852050304413,4902.622776031494,5456.41832447052,5591.474623203278,5560.003277301788,4917.254680633545,5062.723177433014
efficiency_1,343.8429296016693,333.0947403907776,438.47078943252563,307.620970249176,308.53892755508423,419.35079193115234,364.47294998168945,404.76202964782715,293.1496090888977,395.0158896446228,296.0018391609192,386.5141010284424,329.16001081466675
efficiency_8,748.6880404949188,691.4396805763245,864.5521111488342,637.5677709579468,721.9379777908325,629.8046135902405,874.333655834198,630.5330681800842,936.4088501930237,996.8766775131226,839.7729420661926,876.4926409721375,836.0931735038757
range_sum_z,1230.9407095909119,1206.542202949524,1287.3042249679565,1060.6614413261414,1387.4890809059143,990.9366173744202,1213.697497367859,1584.1467099189758,1828.9154243469238,1716.9947834014893,1748.43705701828,1606.8716959953308,1809.9543299674988
dist_swing_high,2079.8616013526917,2136.5609345436096,2515.026876449585,2920.746864795685,2779.1973161697388,2903.2713265419006,3188.347071647644,3384.225652217865,3453.545699596405,3065.9169669151306,3604.878155708313,3399.951858997345,3194.3526101112366
dist_swing_low,1686.737720489502,1526.0687494277954,1474.8472938537598,1495.5762548446655,1915.757264137268,1848.4669890403748,2281.5494565963745,2102.247338294983,2199.6477427482605,2331.4161353111267,2189.9339213371277,2404.2639994621277,2324.706274032593
hh,317.9371690750122,364.6416516304016,383.25889778137207,268.5322093963623,204.585599899292,284.12713050842285,251.67965984344482,334.331600189209,244.96060943603516,544.5514059066772,313.52715969085693,343.73659896850586,423.47143936157227
ll,378.62221908569336,445.02435779571533,363.46890449523926,664.5846495628357,265.8514099121094,225.74029922485352,338.19832134246826,431.65014839172363,509.5911865234375,347.6880989074707,433.32626247406006,370.34030961990356,368.48640155792236
structure,270.58478927612305,400.3723020553589,321.05278968811035,495.90067768096924,451.4488220214844,511.9331817626953,367.4367046356201,532.3190412521362,370.17194747924805,443.24839782714844,451.27507734298706,429.651611328125,493.8499846458435
bos_up,25.301589965820312,18.298479557037354,16.79034996032715,11.091899871826172,24.42829990386963,19.502659797668457,23.872600555419922,0.0,0.0,9.927410125732422,21.141749382019043,27.436500549316406,7.736189842224121
bos_dn,0.0,0.0,4.9126200675964355,0.0,0.0,0.0,0.0,0.0,0.0,0.0,0.0,0.0,0.0
last_bos_dir,199.3484697341919,107.74320125579834,86.7942008972168,240.88821697235107,180.97794818878174,124.79952049255371,113.34519958496094,275.1926612854004,158.50597953796387,131.23870182037354,233.15889930725098,325.24360179901123,330.2528018951416
choch,0.0,0.0,0.0,4.733570098876953,0.0,0.0,0.0,0.0,0.0,0.0,0.0,0.0,0.0
bars_since_bos,1978.2001113891602,2387.2931270599365,2442.991497039795,2406.2593026161194,2037.1492238044739,2154.0290966033936,2254.998752593994,2578.6034960746765,2542.841986179352,2261.754295349121,2588.2391381263733,2374.457887172699,2491.9800391197205
sweep_high,3.7176098823547363,13.444159984588623,0.0,12.467259883880615,0.0,0.0,8.999190330505371,5.981040000915527,23.44964027404785,0.0,0.0,0.0,16.209199905395508
sweep_low,11.607099533081055,0.0,8.85608959197998,0.0,11.73799991607666,17.658519744873047,0.0,0.0,11.96150016784668,0.0,0.0,12.472999572753906,0.0
sweep_high_8,360.23573064804077,393.88565015792847,329.51130723953247,385.6301565170288,278.21983909606934,422.7352089881897,550.2027072906494,463.8041229248047,489.76290369033813,384.86090326309204,636.1704049110413,550.6114673614502,443.69787883758545
sweep_low_8,478.43105030059814,401.9747896194458,372.6416320800781,453.55457639694214,459.45670318603516,344.47516345977783,460.32450008392334,361.61031770706177,430.6455030441284,358.45413160324097,255.44219779968262,327.3850383758545,376.5234889984131
fvg_bull,0.0,0.0,0.0,0.0,0.0,0.0,0.0,14.758700370788574,0.0,0.0,0.0,8.03756046295166,13.561200141906738
fvg_bear,8.395429611206055,0.0,0.0,9.879159927368164,22.268800735473633,31.175399780273438,0.0,0.0,0.0,0.0,0.0,0.0,0.0
fvg_bull_32,1462.0544753074646,1488.6230654716492,1544.6681594848633,1639.027759552002,1788.5180311203003,1854.0581851005554,2342.0543928146362,2275.8761467933655,1521.393398284912,1687.2838621139526,2015.9647846221924,1786.0094347000122,1995.9117846488953
fvg_bear_32,1362.5590410232544,1588.0302324295044,1573.9952597618103,2068.92506980896,2165.2811431884766,2437.0246510505676,2301.7340259552,2426.064774990082,1983.5359482765198,1978.5051941871643,2230.8532571792603,2373.132623195648,2308.2002029418945
dist_fvg_bull,2502.851640224457,2780.0883078575134,2428.701852798462,2950.2597584724426,2930.02081155777,2902.0900988578796,3269.658739566803,3465.102559566498,3799.111967086792,3702.345643520355,3780.5883388519287,3952.816041946411,4202.610558509827
dist_fvg_bear,2435.318862438202,2649.677704811096,3057.26837015152,2976.823000907898,3249.735493659973,3223.8080191612244,3980.2113313674927,3499.714494228363,3055.2519912719727,3493.9130449295044,4372.706592559814,4346.447322845459,3778.1399841308594
dist_ob_bull,5101.619055747986,5113.32706785202,4873.917117118835,4353.786307811737,4935.738405227661,5733.782133102417,5194.842773914337,5748.6824016571045,5897.295184612274,6473.714450836182,7082.496531963348,6157.536917209625,6612.761949062347
dist_ob_bear,5269.768523454666,5902.9113783836365,6512.932810306549,6251.550181388855,5342.973062992096,5682.26155424118,6028.034400463104,5665.92463350296,6362.505802631378,6112.638392448425,6942.506370067596,6634.03443479538,6853.818838119507
dist_day_open,3014.245767593384,2747.262909889221,3436.413508415222,4119.848412036896,4315.340236663818,4397.019884109497,4450.954256534576,4207.870368480682,4797.078457355499,4784.489133358002,4352.821005344391,4850.498526573181,4933.547132492065
dist_day_high,1989.2546405792236,2405.6085703372955,2587.699149608612,2840.7229776382446,2688.8599858283997,2973.194538116455,3204.529091835022,2896.17972612381,3044.1906809806824,2660.372715950012,3090.8930439949036,2993.5085830688477,2882.926553249359
dist_day_low,2189.6424684524536,2286.9191818237305,2052.9379873275757,2593.7002353668213,2597.1001839637756,2480.431079864502,2452.9273829460144,2909.1697101593018,2778.0969643592834,2716.595495223999,2990.9711332321167,3252.44216299057,2698.250668525696
day_range_atr,3522.348292350769,4039.709065437317,4067.407054901123,4923.235074996948,4459.326879501343,4424.178048610687,4651.356978416443,4905.677855968475,4446.442342758179,4992.970582008362,4891.953118801117,4371.554411888123,4456.688281536102
pos_in_day_range,1783.9515972137451,1602.4785060882568,1667.576280117035,1551.4378480911255,1841.7919244766235,2070.8119411468506,2311.319945335388,2185.329123020172,2204.2081899642944,2625.793825149536,2366.415774345398,2097.7646622657776,2431.4879002571106
dist_pdh,4098.088342666626,4793.72690820694,4918.458347797394,5789.878918170929,4961.025689601898,4647.545970916748,4298.077884674072,4663.87233877182,4382.1127099990845,4764.999289035797,4258.921722412109,5175.591536998749,4896.630883693695
dist_pdl,2818.295126438141,3355.2591552734375,4365.888386249542,4196.698832035065,3766.016695022583,3849.036391735077,3993.7840332984924,4143.549187660217,3638.660120010376,3654.9583735466003,3875.7967314720154,4446.7975153923035,4256.703535079956
dist_pdc,3181.1295042037964,2856.2993664741516,2819.83314371109,2696.7843718528748,2511.4903745651245,3168.26727437973,3329.186936855316,3710.075348377228,3676.5679697990417,3481.255905151367,4383.983939170837,3509.245686531067,3432.003480911255
above_pdh,43.79333019256592,24.875900268554688,41.01940059661865,12.440699577331543,114.49217987060547,0.0,27.885900497436523,40.3247709274292,22.600299835205078,12.324299812316895,87.02049827575684,24.084189414978027,114.38680076599121
below_pdl,0.0,11.61240005493164,0.0,20.477229118347168,26.160200119018555,0.0,0.0,0.0,0.0,0.0,0.0,0.0,50.37140083312988
dist_pp,3431.2154026031494,2447.9890689849854,3136.8710474967957,3102.2780108451843,3049.4317479133606,3424.9840421676636,3522.8807368278503,3843.6915187835693,3918.8933148384094,4130.698880672455,4070.707760334015,3706.2416639328003,3412.6898469924927
dist_r1,3906.151657104492,4783.762483358383,4423.101268768311,5261.743379116058,5669.850872039795,5068.65621471405,5474.517078399658,5653.507830142975,5996.5243673324585,6389.291473388672,6612.996582984924,6977.933381557465,6979.122364997864
dist_s1,3898.627320766449,3568.3421425819397,4037.8248505592346,4977.542130470276,5249.953936100006,5011.427478313446,5272.030505180359,5563.229158878326,4773.614201545715,5331.819113254547,4712.352045059204,5025.308436393738,5616.8588609695435
dist_week_open,5526.889736175537,6410.702591180801,8029.902210712433,7474.720393657684,7972.042264461517,7708.4072070121765,7334.461750030518,7358.988797187805,8437.020594120026,9008.629596710205,8899.297680854797,8454.787640571594,9240.307580947876
dist_pwh,5739.833061218262,6818.0393443107605,7196.097482681274,7523.348220348358,7980.83623790741,8429.117696762085,8121.677681922913,8232.580886363983,7882.996551990509,9025.429605007172,7911.389208316803,8055.976607322693,9043.964432239532
dist_pwl,5900.522146701813,6667.822729110718,7941.00940656662,8532.736732006073,8232.735119342804,8980.7024102211,8119.231926441193,8740.494618415833,9235.348935604095,9130.312941074371,9446.46735239029,8418.139452934265,10105.337010860443
dist_month_open,6334.79970240593,8093.274894237518,8682.972113132477,9722.769835472107,9996.574615478516,10727.373379707336,11032.928379058838,11939.11703491211,11123.56221294403,11321.420627117157,12741.59388923645,12212.416999340057,12311.125101089478
dist_pmh,6807.3295545578,8086.202573299408,7806.480949163437,8323.634293079376,9745.143022060394,9865.749033927917,9529.811732292175,10157.913393974304,10775.979452133179,10095.70641040802,10756.968232631683,11280.443489551544,11216.149372577667
dist_pml,6500.5727705955505,7079.721851825714,7364.846347808838,8955.501523971558,9396.223022937775,9161.564032554626,10343.380615234375,9792.507044315338,10637.68123292923,10642.621802330017,10989.089289188385,11308.601993083954,10737.791821956635
dist_r10,4666.930039405823,5557.368332624435,5924.999155521393,5394.037734508514,6276.438630580902,6821.679443359375,7195.235140323639,7540.380752086639,7447.170174598694,7658.541769981384,7092.671104431152,7887.904704093933,7167.377027511597
dist_r50,7762.499962568283,9272.9770693779,10294.234726905823,9778.741875171661,9314.411578178406,10790.378203392029,10573.437841415405,10856.847723960876,9798.127711772919,10895.109702587128,10896.090267658234,10984.717137336731,11330.021475791931
dist_vwap_day,1245.716208934784,1553.8580121994019,1535.7627296447754,1466.356674671173,1901.3243532180786,2176.3381509780884,1955.505959033966,1822.694170475006,2216.7392206192017,2011.7194728851318,2081.6002588272095,2335.6291646957397,2264.03298664093
dist_vwap_96,2809.266206741333,3155.433135509491,3535.2798714637756,2605.5547342300415,3521.3460154533386,3268.4571409225464,3292.3346829414368,3228.787021636963,3590.242244720459,3619.436779975891,3387.540475845337,3674.1868963241577,4365.373183250427
hour_sin,4418.5499477386475,4537.541460990906,4866.0563621521,5693.237651348114,4813.988269329071,5948.149603366852,5699.594099998474,6111.725293159485,6193.3832631111145,6039.864634513855,6331.607956409454,6021.2546973228455,6085.7998995780945
hour_cos,3145.9670963287354,3433.9927990436554,3812.2181754112244,3856.7580761909485,3822.176766872406,4247.872466087341,3513.796663761139,3881.3201332092285,3299.2617349624634,3874.700743675232,3687.181583881378,4057.4227480888367,4390.765314102173
hour_est,3944.3860602378845,3587.504093647003,4028.247155189514,4668.102112770081,4636.290399074554,4024.044225215912,3578.7259879112244,4101.66010093689,4124.858492851257,4244.211259365082,3565.586753845215,3924.7006158828735,3859.8216457366943
dow,2167.3913259506226,2439.7268357276917,2401.6980719566345,3028.803165912628,2745.917407512665,3119.516149044037,3169.293526649475,2842.330273628235,3532.1889753341675,3547.7180042266846,3669.869897842407,4710.429528713226,3661.5688133239746
day_of_month,6521.680451154709,7179.33189201355,7087.44210767746,7653.10458612442,7898.095975399017,9264.580132484436,8485.358357429504,9033.199396133423,8895.184348106384,9722.030160427094,9052.938618659973,9454.046960353851,10415.208305835724
month,4895.665000915527,5564.576081752777,6243.7190680503845,6262.472266197205,6726.097623825073,6600.796740055084,6789.641373634338,7794.322247505188,7554.337574481964,8140.431089401245,8219.280449867249,9273.760093688965,8213.173879623413
bar_of_day,2488.9671473503113,3540.0432529449463,3674.1502089500427,4463.837228775024,4335.436062812805,4535.486332893372,4385.8440990448,4521.209455013275,4667.670165061951,4812.608577251434,4043.0449528694153,3806.7506613731384,4077.458694458008
sess_tokyo,103.84189891815186,99.3747911453247,113.49309921264648,67.75991153717041,96.71505928039551,98.19660091400146,109.17609977722168,197.46049690246582,75.54826927185059,133.32468700408936,119.84359931945801,157.16179847717285,144.26659870147705
sess_london,338.4564399719238,410.80514907836914,310.16709995269775,381.4615020751953,427.4505572319031,344.18574237823486,566.1384992599487,468.95219898223877,395.1721000671387,410.86520195007324,218.32520008087158,370.24530696868896,352.0585689544678
sess_ny,34.61439895629883,75.16540145874023,70.51587009429932,9.6358003616333,63.788899421691895,58.600799560546875,43.91270065307617,77.49911069869995,93.5539903640747,114.68829917907715,33.39990043640137,158.04578685760498,76.64388084411621
sess_overlap,55.05259990692139,97.33337116241455,152.82887887954712,187.27359771728516,131.8389310836792,125.11220169067383,30.596699714660645,79.08509922027588,158.1244010925293,155.25840091705322,165.77589893341064,76.0398998260498,197.6793394088745
mins_since_ny_open,3025.6466488838196,3227.3101024627686,3490.6307191848755,3809.7689180374146,3838.3743090629578,4004.4411296844482,4654.065441608429,4045.709783554077,4394.345799922943,4438.926394462585,4398.491756916046,5157.295848369598,5561.047476768494
mins_to_ny_close,2202.1284925937653,2957.1523294448853,2468.7875747680664,2974.385630607605,3633.078308582306,3349.0982847213745,3087.685875892639,3447.3605675697327,3692.0825152397156,3937.7494988441467,3896.06245803833,3792.0562777519226,3736.3353390693665
is_ny_open_hour,0.0,0.0,0.0,38.44150161743164,13.177499771118164,0.0,0.0,0.0,0.0,0.0,14.09570026397705,19.900400161743164,23.76460075378418
is_london_open_hour,10.44480037689209,0.0,0.0,12.684510231018066,0.0,11.183600425720215,0.0,0.0,36.54909896850586,37.47019958496094,0.0,13.371199607849121,14.808600425720215
is_830_window,44.03517007827759,68.80552959442139,156.90612077713013,149.31887006759644,200.11122941970825,177.33328199386597,143.03553009033203,113.97740077972412,90.38313865661621,64.56117057800293,80.13689804077148,80.2474889755249,52.034300804138184
is_1000_window,16.974679946899414,0.0,0.0,0.0,0.0,0.0,0.0,0.0,0.0,0.0,0.0,0.0,0.0
is_1400_window,8.031330108642578,0.0,0.0,0.0,0.0,8.688639640808105,0.0,23.085399627685547,11.002699851989746,0.0,0.0,0.0,24.618900299072266
is_friday_pm,177.66499090194702,522.4727153778076,748.6756677627563,615.6488471031189,652.2024607658386,394.77496671676636,245.97587251663208,264.9996585845947,399.5032629966736,554.6128339767456,475.2233376502991,223.0320987701416,217.50500011444092
is_sunday_open,346.5186924934387,272.0573081970215,248.47500133514404,300.280481338501,343.90100860595703,284.2014989852905,354.22622203826904,300.17549896240234,501.6298017501831,671.6754016876221,660.4755897521973,694.1251029968262,454.57890129089355
bar_gap_min,11.537449836730957,43.08915996551514,29.169370651245117,14.043200016021729,14.366199970245361,7.506539821624756,0.0,0.0,0.0,0.0,0.0,0.0,0.0
after_gap,0.0,0.0,0.0,0.0,0.0,0.0,0.0,0.0,0.0,0.0,0.0,0.0,0.0
weekend_gap_atr,0.0,0.0,0.0,0.0,0.0,0.0,0.0,0.0,0.0,0.0,0.0,0.0,0.0
is_fomc_day,45.114399909973145,26.7019100189209,18.45039939880371,22.180999755859375,24.171300888061523,0.0,34.75089931488037,24.459999084472656,134.6782989501953,143.27829837799072,100.54469871520996,223.59539794921875,95.44720077514648
hrs_to_fomc,71.98148083686829,110.37388896942139,56.37145948410034,93.97874021530151,140.60374879837036,158.42549800872803,151.9033908843994,74.42851066589355,270.43977403640747,287.28304147720337,297.5969123840332,358.01719665527344,355.08630084991455
is_nfp_day,7.653759956359863,0.0,18.15880012512207,20.702899932861328,18.342100143432617,13.202099800109863,46.96030044555664,75.02150058746338,76.39980030059814,26.196500778198242,54.678300857543945,84.45340061187744,89.14780044555664
hrs_to_nfp,117.37274932861328,43.69314002990723,113.82947969436646,200.08324241638184,186.25902032852173,202.94239902496338,235.5265655517578,459.24114990234375,386.529878616333,378.57590103149414,373.27620124816895,554.8782286643982,483.3087239265442
days_to_event,5487.588418006897,5698.616411209106,6250.625586032867,6977.071111679077,7359.9380235672,6882.38883972168,8924.8054728508,7454.696183204651,7028.806834697723,7175.373607635498,7714.287317276001,8427.865907669067,9328.047888755798
days_since_event,5390.727125167847,5560.921999454498,6980.749343395233,6808.9093408584595,7578.300611495972,7632.689811229706,8198.656431674957,9123.533433437347,9174.098255634308,9537.310633182526,9023.940029621124,9866.646946907043,9703.125759601593
ret_1_l1,166.89882040023804,260.96430921554565,144.51212000846863,118.47736930847168,237.26317930221558,205.6086983680725,194.40283012390137,206.85209894180298,149.29281997680664,189.11664867401123,128.2643404006958,173.25251960754395,152.81187057495117
ret_1_l2,249.96756052970886,162.2706298828125,197.31822061538696,132.3208703994751,237.41664123535156,189.19909954071045,139.97195959091187,174.15532970428467,306.3680214881897,148.78587102890015,234.52800989151,214.03929138183594,76.6988091468811
body_atr_l1,351.5667095184326,150.11532020568848,301.1650266647339,270.1877284049988,301.4058403968811,243.45786809921265,205.7397003173828,259.8684911727905,134.6700611114502,268.49696683883667,184.26218700408936,140.4742407798767,188.65601921081543
body_atr_l2,180.75797986984253,162.01669931411743,157.66583967208862,88.99801015853882,128.48213911056519,178.6729497909546,135.3073697090149,127.63555002212524,177.4247169494629,206.42304039001465,129.811589717865,139.61948251724243,199.76379013061523
close_pos_l1,305.369108915329,246.8971118927002,379.1456995010376,338.629611492157,325.01973819732666,221.4754285812378,155.39085960388184,334.7689399719238,198.29074001312256,218.73645973205566,240.5157117843628,233.79860830307007,182.99279975891113
close_pos_l2,342.30011081695557,523.4029684066772,379.99590158462524,321.4461922645569,316.1432886123657,179.50179958343506,163.95775175094604,242.838698387146,334.8390603065491,329.39058113098145,254.504469871521,272.8825912475586,253.10038995742798
rsi14_l1,384.3322503566742,298.8525595664978,503.54352045059204,496.66911029815674,395.8501605987549,377.26442193984985,423.8944025039673,331.74384784698486,538.1441836357117,534.551362991333,535.4064807891846,496.44859981536865,489.16844844818115
rsi14_l2,314.7163996696472,421.6971802711487,649.5889840126038,557.2205195426941,513.6979508399963,357.4255132675171,432.32952785491943,270.70227813720703,574.3956923484802,438.39008140563965,392.34212160110474,456.2637228965759,487.01187086105347
bb_pos_l1,437.8337416648865,417.6559705734253,436.4442925453186,514.4721412658691,453.24951362609863,497.21090841293335,443.8683876991272,427.624219417572,414.42432022094727,349.6385803222656,472.5567741394043,210.84684228897095,347.29185247421265
bb_pos_l2,542.8200011253357,729.6758313179016,547.864580154419,612.1625456809998,511.80641412734985,748.4511394500732,597.5516486167908,606.0810303688049,465.7184953689575,787.9422578811646,475.98833990097046,527.0643377304077,352.4679822921753
m1_imb_l1,106.55164957046509,107.40515899658203,151.0665798187256,220.75324964523315,156.08438873291016,176.5455117225647,123.13103008270264,174.518780708313,98.12037897109985,170.7959599494934,90.65460968017578,145.2269606590271,99.21857976913452
m1_imb_l2,198.5534496307373,151.72165966033936,157.3920397758484,102.23358058929443,69.5177001953125,68.74122047424316,100.16028833389282,123.00452041625977,61.629629135131836,35.50667905807495,157.7991704940796,116.41157913208008,115.57796049118042
stoch_k_l1,354.37901306152344,455.54497814178467,537.4778099060059,573.774799823761,501.3811821937561,371.00072860717773,523.9724225997925,562.236759185791,533.1842179298401,517.2344212532043,630.3755807876587,839.9952397346497,744.2066197395325
stoch_k_l2,387.8382592201233,653.0677275657654,572.7384305000305,657.8647127151489,699.9508094787598,715.3433899879456,533.6460018157959,750.7053375244141,581.8522028923035,639.0364208221436,455.76541090011597,515.6734313964844,629.862223148346
macd_hist_n_l1,789.6811981201172,976.7382473945618,1368.0150618553162,959.7059831619263,1084.1436648368835,1318.0789589881897,1284.746476650238,1250.5997171401978,1517.2132449150085,1250.518669128418,1518.248706817627,1476.4016394615173,1406.3316102027893
macd_hist_n_l2,1183.588506937027,1514.9700889587402,1540.2349915504456,1345.5304536819458,1368.1030721664429,1719.2359771728516,1792.7097873687744,1525.773265838623,1653.6725797653198,1824.1798968315125,1678.1687188148499,1747.0840373039246,1724.3650074005127
vol_expansion_l1,874.400426864624,750.0239109992981,805.9207606315613,897.9026327133179,969.9536366462708,1145.2271008491516,1135.0084810256958,1089.224401473999,861.4680371284485,1011.0263752937317,920.4677066802979,973.2851052284241,894.9124450683594
vol_expansion_l2,1054.9848408699036,1167.2003190517426,952.4289388656616,1204.3180537223816,1088.0250601768494,991.8864483833313,1091.743293762207,1234.0322279930115,1089.8077206611633,955.7213115692139,925.1426196098328,1017.1502485275269,988.3771204948425
efficiency_1_l1,347.44633865356445,482.8374695777893,386.8555808067322,346.42098903656006,370.37427043914795,305.24210023880005,302.0685920715332,330.23661184310913,326.99322175979614,255.4289207458496,326.30041122436523,379.0421566963196,388.0068416595459
efficiency_1_l2,380.4005916118622,390.8467330932617,315.4710283279419,265.5230312347412,326.80342960357666,383.075071811676,381.3586096763611,303.41496992111206,318.0198087692261,325.63511085510254,266.68642950057983,334.92422914505005,268.74175930023193
range_atr_l1,555.1042966842651,597.9161086082458,488.76175117492676,770.3999752998352,566.3744702339172,501.8411111831665,681.6662154197693,517.6775417327881,692.1453542709351,647.7719583511353,680.4462857246399,543.6714086532593,561.2396550178528
range_atr_l2,644.9781718254089,597.3221387863159,657.9449524879456,643.5491309165955,630.1800799369812,415.45794773101807,502.5145010948181,422.908793926239,542.1351461410522,525.8593597412109,488.73345947265625,414.62531757354736,529.3826208114624
gap_atr_l1,607.0341215133667,680.3211994171143,424.61096954345703,465.1400203704834,561.9805498123169,469.82192850112915,541.8504829406738,518.265811920166,765.7547841072083,506.65916776657104,401.54237842559814,396.53038024902344,521.7632575035095
gap_atr_l2,587.2645666599274,621.2661375999451,635.899329662323,598.6297335624695,544.89670753479,627.0622406005859,540.1072082519531,572.3954615592957,628.1819276809692,579.3385691642761,594.1396584510803,648.4922666549683,615.6677980422974
sweep_high_l1,0.0,0.0,0.0,0.0,0.0,0.0,0.0,0.0,0.0,0.0,0.0,0.0,8.25786018371582
sweep_high_l2,9.829870223999023,8.67654037475586,0.0,0.0,0.0,0.0,0.0,0.0,0.0,0.0,0.0,0.0,0.0
sweep_low_l1,8.294449806213379,35.856460094451904,14.814800262451172,0.0,0.0,0.0,13.444499969482422,0.0,0.0,0.0,0.0,0.0,0.0
sweep_low_l2,0.0,17.667069911956787,11.88824987411499,17.765129566192627,6.916029930114746,7.401549816131592,9.100720405578613,17.084309577941895,12.263699531555176,0.0,21.42080020904541,6.28941011428833,0.0
bos_up_l1,0.0,0.0,0.0,0.0,0.0,0.0,0.0,0.0,0.0,0.0,0.0,0.0,0.0
bos_up_l2,0.0,0.0,0.0,0.0,0.0,0.0,0.0,0.0,0.0,0.0,0.0,5.5541300773620605,16.008910655975342
bos_dn_l1,0.0,0.0,0.0,0.0,0.0,0.0,0.0,0.0,15.053199768066406,10.054400444030762,0.0,0.0,0.0
bos_dn_l2,0.0,0.0,0.0,0.0,0.0,14.772570133209229,0.0,0.0,0.0,14.26550006866455,0.0,0.0,0.0
dist_vwap_day_l1,989.1916456222534,902.2514233589172,831.5518198013306,883.7019391059875,1114.0395421981812,1034.0816411972046,1059.2965121269226,1009.2713565826416,1047.277509689331,1115.9373140335083,1311.8106746673584,886.3461246490479,905.2283401489258
dist_vwap_day_l2,980.7713947296143,957.9267730712891,1141.0719299316406,1166.4413361549377,1129.664999961853,1337.2712473869324,1194.203076839447,1145.3999309539795,1180.629210948944,1114.1947417259216,972.325156211853,1223.5975408554077,1332.7195682525635
adx14_l1,1914.5520296096802,2398.366942882538,2202.377459526062,2623.3873658180237,2442.4627690315247,2639.879210472107,2824.887134552002,2771.182131767273,3034.5788884162903,3026.050528526306,3465.149775505066,3513.3867197036743,2777.833393573761
adx14_l2,2134.451594352722,2367.7832894325256,2904.4283237457275,2773.6937160491943,2814.0745000839233,2851.7954092025757,3085.664014816284,3178.859607696533,3661.793791770935,3329.776219367981,3289.6801466941833,3522.985426902771,4012.7245712280273
di_diff_l1,927.5719928741455,1040.7624535560608,1275.2559695243835,1482.4430003166199,1249.7580652236938,1190.0391039848328,1220.0072264671326,991.1299366950989,1313.7046031951904,1084.1488161087036,1074.646167755127,1492.7921233177185,1250.9128665924072
di_diff_l2,1084.402753353119,1180.274091720581,1322.2911949157715,1370.8260250091553,1200.408763885498,1026.413402557373,1468.7852206230164,924.6665234565735,1056.4756917953491,1202.024841785431,1435.6461791992188,1152.8358755111694,1036.1732139587402
absret_z_l1,575.955689907074,438.6714496612549,654.8342299461365,630.2812342643738,645.092791557312,720.8135724067688,443.69137239456177,612.6112298965454,638.5813827514648,715.8113412857056,583.5198278427124,471.70245885849,801.1130123138428
absret_z_l2,651.0988502502441,497.1348385810852,407.4481682777405,577.3244667053223,466.1351981163025,730.1205153465271,574.4772400856018,648.1856117248535,592.7210402488708,516.9350023269653,504.08217906951904,473.49503469467163,349.1768674850464
